ModelName,AvgContradictionScore,Coverage_Perc
gemma-2-27b-it-GGUF,4.816279601720332,87.2340425531915
gpt-4-turbo,3.4303072796394085,35.483870967741936
llama-3,7.03998434432375,20.967741935483872
Meta-Llama-3-8B-Instruct-GGUF,5.105873123363032,10.638297872340425
Mistral-Nemo-Instruct-2407,9.099236669896333,8.51063829787234
